일자,시가_원,고가_원,저가_원,종가_원,거래량_주,등락률_pct,NAV_원,괴리율_pct,설정좌수,환매좌수,상장좌수,시가총액_원,시가총액_억원,순자산가치_AUM_원,순자산가치_AUM_억원
2025-09-11,11754,11778,11744,11778,1097918,0.4777341750554513,12132.63,0.06,,,,0,0.0,0,0.0
2025-09-12,11837,11862,11832,11832,1357205,0.45848191543555783,12207.35,-0.1,50000.0,0.0,181900000.0,2152240800000,21522.41,2220516965000,22205.17
2025-09-15,11818,11832,11749,11759,1653901,-0.6169709263015551,12105.14,0.12,550000.0,0.0,181950000.0,2139550050000,21395.5,2202530223000,22025.3
2025-09-16,11697,11707,11604,11614,2588434,-1.2330980525554895,11942.54,0.23,0.0,0.0,182500000.0,2119555000000,21195.55,2179513550000,21795.14
2025-09-17,11624,11644,11614,11634,1360508,0.1722059583261581,11991.93,-0.02,600000.0,0.0,182500000.0,2123205000000,21232.05,2188527225000,21885.27
2025-09-18,11678,11741,11678,11731,1306002,0.8337631081313391,12086.68,0.03,900000.0,0.0,183100000.0,2147946100000,21479.46,2213071108000,22130.71
2025-09-19,11741,11788,11741,11754,1401286,0.19606171681868556,12135.67,-0.17,50000.0,50000.0,184000000.0,2162736000000,21627.36,2232963280000,22329.63
2025-09-22,11741,11741,11668,11712,2068009,-0.35732516590096985,12073.24,-0.03,50000.0,0.0,184000000.0,2155008000000,21550.08,2221476160000,22214.76
2025-09-23,11673,11683,11654,11668,1522237,-0.3756830601092896,12032.41,-0.06,0.0,100000.0,184050000.0,2147495400000,21474.95,2214565060500,22145.65
2025-09-24,11731,11764,11722,11764,1472113,0.82276311278711,12144.72,-0.16,50000.0,50000.0,183950000.0,2163987800000,21639.88,2234021244000,22340.21
2025-09-25,11818,11828,11783,11788,1157066,0.20401224073444407,12172.82,-0.19,50000.0,50000.0,183950000.0,2168402600000,21684.03,2239190239000,22391.9
2025-09-26,11788,11828,11778,11828,1236444,0.33932813030200204,12167.91,0.18,0.0,450000.0,183950000.0,2175760600000,21757.61,2238287044500,22382.87
2025-09-29,11888,11893,11828,11838,1381175,0.08454514710855597,12150.97,0.12,0.0,0.0,183500000.0,2172273000000,21722.73,2229702995000,22297.03
2025-09-30,11754,11803,11749,11788,1308142,-0.42236864335191754,12138.2,-0.19,0.0,400000.0,183500000.0,2163098000000,21630.98,2227359700000,22273.6
2025-10-01,11853,11880,11813,11818,1507231,0.2544960977265015,12216.54,-0.59,0.0,0.0,183100000.0,2163875800000,21638.76,2236848474000,22368.48
2025-10-02,11956,11966,11926,11926,1538887,0.9138602132340498,12292.16,-0.3,150000.0,0.0,183100000.0,2183650600000,21836.51,2250694496000,22506.94
2025-10-10,11926,11926,11843,11878,2601189,-0.4024819721616636,12243.9,-0.32,0.0,450000.0,183250000.0,2176643500000,21766.44,2243694675000,22436.95
2025-10-13,11798,11813,11744,11764,2575673,-0.9597575349385419,12069.14,0.17,0.0,200000.0,182800000.0,2150459200000,21504.59,2206238792000,22062.39
2025-10-14,11773,11793,11764,11783,1799867,0.16150969058143488,12166.53,-0.46,0.0,0.0,182600000.0,2151575800000,21515.76,2221608378000,22216.08
2025-10-15,11878,11883,11808,11813,1374449,0.25460409063905626,12173.14,-0.27,50000.0,50000.0,182600000.0,2157053800000,21570.54,2222815364000,22228.15
2025-10-16,11813,11818,11756,11759,1562647,-0.45712350799966145,12115.4,-0.25,100000.0,650000.0,182600000.0,2147193400000,21471.93,2212272040000,22122.72
2025-10-17,11727,11727,11654,11673,1481483,-0.731354707032911,12051.63,-0.47,0.0,700000.0,182050000.0,2125069650000,21250.7,2193999241500,21939.99
2025-10-20,11773,11808,11768,11783,1446754,0.942345583825923,12124.09,-0.12,50000.0,100000.0,181350000.0,2136847050000,21368.47,2198703721500,21987.04
2025-10-21,11878,11931,11868,11912,1753619,1.0947975897479418,12288.69,-0.4,50000.0,50000.0,181300000.0,2159645600000,21596.46,2227939497000,22279.39
2025-10-22,11970,11985,11941,11980,1297888,0.5708529214237743,12348.1,-0.31,50000.0,50000.0,181300000.0,2171974000000,21719.74,2238710530000,22387.11
2025-10-23,11980,12062,11946,12029,1369361,0.4090150250417362,12393.09,-0.27,0.0,50000.0,181300000.0,2180857700000,21808.58,2246867217000,22468.67
2025-10-24,12029,12086,12024,12076,1305889,0.39072242081636044,12393.36,0.13,0.0,800000.0,181250000.0,2188775000000,21887.75,2246296500000,22462.96
2025-10-27,12081,12090,12044,12058,1788405,-0.14905597880092747,12344.25,0.37,0.0,200000.0,180450000.0,2175866100000,21758.66,2227519912500,22275.2
2025-10-28,12058,12067,12019,12062,1312483,0.03317299718029524,12433.03,-0.31,0.0,1050000.0,180250000.0,2174175500000,21741.76,2241053657500,22410.54
2025-10-29,12048,12053,11966,11966,1535508,-0.7958879124523297,12301.19,-0.05,200000.0,50000.0,179200000.0,2144307200000,21443.07,2204373248000,22043.73
2025-10-30,11863,11863,11798,11838,1825601,-1.0696974761825173,12136.62,-0.01,0.0,0.0,179350000.0,2123145300000,21231.45,2176702797000,21767.03
2025-10-31,11833,11833,11768,11778,1303651,-0.5068423720223011,12089.27,-0.12,0.0,400000.0,179350000.0,2112384300000,21123.84,2168210574500,21682.11
2025-11-03,11813,11878,11808,11833,1751964,0.4669723212769571,12144.68,-0.12,0.0,0.0,178950000.0,2117515350000,21175.15,2173290486000,21732.9
2025-11-04,11788,11793,11731,11764,1419911,-0.5831150173244317,12109.06,-0.41,50000.0,0.0,178950000.0,2105167800000,21051.68,2166916287000,21669.16
2025-11-05,11788,11878,11788,11878,2230113,0.9690581434886093,12180.92,-0.05,50000.0,300000.0,179000000.0,2126162000000,21261.62,2180384680000,21803.85
2025-11-06,11878,11931,11878,11926,970565,0.40410843576359656,12240.75,-0.13,0.0,0.0,178750000.0,2131772500000,21317.72,2188034062500,21880.34
2025-11-07,11926,11991,11903,11991,1527482,0.5450276706355861,12285.44,0.04,0.0,550000.0,178750000.0,2143391250000,21433.91,2196022400000,21960.22
2025-11-10,12068,12087,12010,12010,1275892,0.15845217246268034,12341.96,-0.26,0.0,50000.0,178200000.0,2140182000000,21401.82,2199337272000,21993.37
2025-11-11,12073,12155,12063,12131,1731821,1.0074937552039966,12453.15,-0.15,0.0,450000.0,178150000.0,2161137650000,21611.38,2218528672500,22185.29
2025-11-12,12272,12347,12272,12317,1783900,1.533261891022999,12663.57,-0.3,0.0,0.0,177700000.0,2188730900000,21887.31,2250316389000,22503.16
2025-11-13,12352,12443,12347,12371,1308043,0.43841844605017455,12690.98,-0.09,0.0,150000.0,177700000.0,2198326700000,21983.27,2255187146000,22551.87
2025-11-14,12371,12405,12267,12292,1876232,-0.6385902513943901,12614.58,-0.12,0.0,950000.0,177550000.0,2182444600000,21824.45,2239718679000,22397.19
2025-11-17,12292,12342,12262,12327,1037576,0.2847380410022779,12636.28,-0.01,50000.0,500000.0,176600000.0,2176948200000,21769.48,2231567048000,22315.67
2025-11-18,12292,12297,12195,12204,1226740,-0.9978096860550012,12581.88,-0.57,100000.0,550000.0,176150000.0,2149734600000,21497.35,2216298162000,22162.98
2025-11-19,12287,12347,12267,12342,1014377,1.1307767944936087,12652.08,-0.02,50000.0,100000.0,175700000.0,2168489400000,21684.89,2222970456000,22229.7
2025-11-20,12342,12347,12264,12307,1025261,-0.28358450818343867,12566.54,0.39,50000.0,0.0,175650000.0,2161724550000,21617.25,2207312751000,22073.13
2025-11-21,12223,12223,12145,12200,947984,-0.8694239050946616,12491.14,0.11,0.0,700000.0,175700000.0,2143540000000,21435.4,2194693298000,21946.93
2025-11-24,12347,12391,12322,12381,1522203,1.4836065573770492,12721.92,-0.25,50000.0,100000.0,175000000.0,2166675000000,21666.75,2226336000000,22263.36
2025-11-25,12381,12381,12292,12312,979526,-0.5573055488248122,12629.23,-0.07,0.0,0.0,174950000.0,2153984400000,21539.84,2209483788500,22094.84
2025-11-26,12391,12420,12342,12401,817977,0.7228719948018193,12689.27,0.16,250000.0,0.0,174950000.0,2169554950000,21695.55,2219987786500,22199.88
2025-11-27,12469,12489,12440,12459,774862,0.46770421740182244,12750.01,-0.12,0.0,50000.0,175200000.0,2182816800000,21828.17,2233801752000,22338.02
2025-11-28,12464,12493,12449,12489,652092,0.24078979051288227,12799.58,-0.27,0.0,200000.0,175150000.0,2187448350000,21874.48,2241846437000,22418.46
2025-12-01,12513,12550,12513,12541,1033084,0.416366402434142,12868.04,-0.37,0.0,0.0,174950000.0,2194047950000,21940.48,2251263598000,22512.64
2025-12-02,12541,12550,12489,12498,1081114,-0.3428753687903676,12802.49,-0.21,0.0,0.0,174950000.0,2186525100000,21865.25,2239795625500,22397.96
2025-12-03,12498,12508,12454,12479,793101,-0.1520243238918227,12742.16,0.1,100000.0,0.0,174950000.0,2183201050000,21832.01,2229240892000,22292.41
2025-12-04,12610,12664,12600,12649,1171704,1.3622886449234715,12981.28,-0.4,150000.0,0.0,175050000.0,2214207450000,22142.07,2272373064000,22723.73
2025-12-05,12649,12669,12639,12644,884662,-0.03952881650723377,12916.25,0.07,0.0,100000.0,175200000.0,2215228800000,22152.29,2262927000000,22629.27
2025-12-08,12649,12649,12585,12600,1290819,-0.34799114204365705,12880.1,-0.0,50000.0,100000.0,175100000.0,2206260000000,22062.6,2255305510000,22553.06
2025-12-09,12580,12580,12555,12575,917938,-0.1984126984126984,12862.46,-0.06,200000.0,0.0,175050000.0,2201253750000,22012.54,2251573623000,22515.74
2025-12-10,12575,12575,12503,12513,1168760,-0.49304174950298213,12794.0,-0.03,50000.0,200000.0,175250000.0,2192903250000,21929.03,2242148500000,22421.48
2025-12-11,12654,12669,12639,12664,1084475,1.206744985215376,12995.97,-0.39,50000.0,200000.0,175100000.0,2217466400000,22174.66,2275594347000,22755.94
2025-12-12,12729,12773,12724,12773,971990,0.8607075173720783,13054.13,0.01,0.0,100000.0,174950000.0,2234636350000,22346.36,2283820043500,22838.2
2025-12-15,12778,12821,12773,12787,1517500,0.10960620057934706,13036.31,0.26,0.0,0.0,174850000.0,2235806950000,22358.07,2279398803500,22793.99
2025-12-16,12787,12816,12754,12802,1104794,0.11730663955579887,13122.42,-0.29,0.0,50000.0,174850000.0,2238429700000,22384.3,2294455137000,22944.55
2025-12-17,12754,12754,12644,12744,1002117,-0.4530542102796438,13003.81,0.16,50000.0,150000.0,174800000.0,2227651200000,22276.51,2273065988000,22730.66
2025-12-18,12744,12778,12724,12739,929523,-0.03923414940364093,13051.72,-0.24,250000.0,0.0,174700000.0,2225503300000,22255.03,2280135484000,22801.35
2025-12-19,12739,12739,12684,12719,1077958,-0.156998194520763,12981.32,0.14,650000.0,100000.0,174950000.0,2225189050000,22251.89,2271081934000,22710.82
2025-12-22,12719,12768,12719,12734,1242377,0.11793379982703042,13013.72,0.01,50000.0,50000.0,175500000.0,2234817000000,22348.17,2283907860000,22839.08
2025-12-23,12768,12836,12768,12831,1060938,0.7617402230249726,13117.96,-0.02,0.0,0.0,175500000.0,2251840500000,22518.4,2302201980000,23022.02
2025-12-24,12806,12806,12620,12694,1775704,-1.0677265996414933,12776.24,1.56,750000.0,0.0,175500000.0,2227797000000,22277.97,2242230120000,22422.3
2025-12-26,12694,12704,12479,12533,1793754,-1.2683157397195526,12696.04,0.9,250000.0,0.0,176250000.0,2208941250000,22089.41,2237677050000,22376.77
2025-12-29,12571,12576,12435,12435,1671379,-0.7819356897789835,12596.7,0.58,0.0,50000.0,176500000.0,2194777500000,21947.78,2223317550000,22233.18
2025-12-30,12440,12513,12386,12513,1261849,0.6272617611580217,12671.46,0.62,0.0,0.0,176450000.0,2207918850000,22079.19,2235879117000,22358.79
2026-01-02,12479,12479,12411,12469,2259621,-0.35163430032765924,12618.49,0.69,1550000.0,0.0,176450000.0,2200155050000,22001.55,2226532560500,22265.33
2026-01-05,12513,12665,12513,12616,3016076,1.1789237308525142,12767.51,0.69,550000.0,0.0,178000000.0,2245648000000,22456.48,2272616780000,22726.17
2026-01-06,12626,12680,12626,12636,2058903,0.15852885225110971,12861.62,0.1,1150000.0,0.0,178550000.0,2256157800000,22561.58,2296442251000,22964.42
2026-01-07,12735,12760,12725,12730,1628114,0.743906299461855,12946.27,0.18,950000.0,0.0,179700000.0,2287581000000,22875.81,2326444719000,23264.45
2026-01-08,12715,12715,12667,12685,1413982,-0.3534956794972506,12901.46,0.18,750000.0,0.0,180650000.0,2291545250000,22915.45,2330648749000,23306.49
2026-01-09,12891,12935,12891,12930,1604952,1.931415057154119,13207.95,-0.25,50000.0,100000.0,181400000.0,2345502000000,23455.02,2395922130000,23959.22
2026-01-12,12984,13092,12964,13063,2483544,1.02861562258314,13364.21,-0.41,600000.0,0.0,181350000.0,2368975050000,23689.75,2423599483500,24235.99
2026-01-13,13063,13126,13063,13102,1859946,0.2985531654290745,13380.95,-0.23,50000.0,0.0,181950000.0,2383908900000,23839.09,2434663852500,24346.64
2026-01-14,13186,13226,13166,13186,1840945,0.6411234925965501,13480.3,-0.34,500000.0,50000.0,182000000.0,2399852000000,23998.52,2453414600000,24534.15
2026-01-15,13270,13356,13270,13337,1924001,1.1451539511603215,13606.05,-0.12,500000.0,100000.0,182450000.0,2433335650000,24333.36,2482423822500,24824.24
2026-01-16,13337,13421,13337,13416,1937892,0.5923371072954937,13631.85,0.28,600000.0,500000.0,182850000.0,2453115600000,24531.16,2492583772500,24925.84
2026-01-19,13342,13366,13260,13284,2642474,-0.9838998211091234,13568.11,-0.24,900000.0,0.0,182950000.0,2430307800000,24303.08,2482285724500,24822.86
2026-01-20,13274,13289,13246,13255,2135936,-0.2183077386329419,13608.5,-0.76,1350000.0,150000.0,183850000.0,2436931750000,24369.32,2501922725000,25019.23
2026-01-21,13255,13304,13181,13196,2249655,-0.4451150509241796,13454.35,-0.07,0.0,250000.0,185050000.0,2441919800000,24419.2,2489727467500,24897.27
2026-01-22,13376,13426,13361,13391,1874070,1.4777205213701121,13657.19,-0.09,1350000.0,0.0,184800000.0,2474656800000,24746.57,2523848712000,25238.49
2026-01-23,13386,13416,13351,13396,1744821,0.03733851094018371,13624.74,0.19,300000.0,0.0,186150000.0,2493665400000,24936.65,2536245351000,25362.45
2026-01-26,13221,13226,13136,13136,3400953,-1.9408778739922365,13379.72,0.04,650000.0,0.0,186450000.0,2449207200000,24492.07,2494648794000,24946.49
2026-01-27,13226,13246,13166,13191,1890136,0.4186967113276492,13443.76,-0.03,800000.0,50000.0,187100000.0,2468036100000,24680.36,2515327496000,25153.27
2026-01-28,13191,13201,13053,13073,2609017,-0.8945493139261619,13285.83,0.26,2400000.0,50000.0,187850000.0,2455763050000,24557.63,2495743165500,24957.43
2026-01-29,13103,13103,12994,13053,1865607,-0.15298707259236596,13288.29,-0.14,0.0,0.0,190200000.0,2482680600000,24826.81,2527432758000,25274.33
2026-01-30,13083,13167,13083,13142,1803224,0.6818355933501877,13449.53,-0.67,0.0,0.0,190200000.0,2499608400000,24996.08,2558100606000,25581.01
2026-02-02,13481,13520,13442,13457,3594337,2.3968954497032415,13878.62,-1.43,700000.0,0.0,190200000.0,2559521400000,25595.21,2639713524000,26397.14
2026-02-03,13575,13630,13545,13550,1940178,0.6910901389611355,13795.67,-0.15,0.0,0.0,190900000.0,2586695000000,25866.95,2633593403000,26335.93
2026-02-04,13781,13834,13776,13810,2169375,1.918819188191882,14060.52,-0.15,750000.0,0.0,190900000.0,2636329000000,26363.29,2684153268000,26841.53
2026-02-05,14118,14223,14118,14209,2608112,2.889210716871832,14484.92,-0.28,0.0,50000.0,191650000.0,2723154850000,27231.55,2776034918000,27760.35
2026-02-06,14214,14268,14199,14253,3092784,0.3096628897177845,14471.07,0.13,950000.0,400000.0,191600000.0,2730874800000,27308.75,2772657012000,27726.57
2026-02-09,14447,14486,14372,14422,2268762,1.1857152880095418,14612.52,0.32,1000000.0,50000.0,192150000.0,2771187300000,27711.87,2807795718000,28077.96
2026-02-10,14402,14402,14273,14312,2321096,-0.7627236166967134,14542.72,0.05,1300000.0,200000.0,193100000.0,2763647200000,27636.47,2808199232000,28081.99
2026-02-11,14297,14337,14263,14307,2597119,-0.0349357182783678,14427.57,0.81,1100000.0,50000.0,194200000.0,2778419400000,27784.19,2801834094000,28018.34
2026-02-12,14347,14407,14332,14372,1777059,0.4543230586426225,14499.26,0.76,2400000.0,500000.0,195250000.0,2806133000000,28061.33,2830980515000,28309.81
2026-02-13,14243,14278,14189,14219,2431408,-1.0645699972168106,14393.69,0.43,1750000.0,50000.0,197150000.0,2803275850000,28032.76,2837715983500,28377.16
2026-02-19,14317,14422,14312,14317,2403453,0.6892186511006401,14499.39,0.38,300000.0,0.0,198850000.0,2846935450000,28469.35,2883203701500,28832.04
2026-02-20,14337,14412,14332,14342,2309182,0.17461758748341133,14509.52,0.49,950000.0,50000.0,199150000.0,2856209300000,28562.09,2889570908000,28895.71
2026-02-23,14342,14342,14189,14199,2961687,-0.9970715381397296,14469.86,-0.24,1150000.0,0.0,200050000.0,2840509950000,28405.1,2894695493000,28946.95
2026-02-24,14209,14273,14209,14228,1617933,0.20423973519261918,14453.41,0.08,1300000.0,0.0,201200000.0,2862673600000,28626.74,2908026092000,29080.26
2026-02-25,14258,14263,14147,14157,2316192,-0.4990160247399494,14334.71,0.39,2450000.0,0.0,202500000.0,2866792500000,28667.92,2902778775000,29027.79
2026-02-26,14118,14118,14003,14048,2558818,-0.7699371335734972,14240.33,0.03,0.0,0.0,204950000.0,2879137600000,28791.38,2918555633500,29185.56
2026-02-27,14048,14113,14018,14088,2105005,0.2847380410022779,14377.55,-0.64,0.0,0.0,204950000.0,2887335600000,28873.36,2946678872500,29466.79
2026-03-03,14477,14546,14463,14477,3396454,2.761215218625781,14810.66,-0.88,800000.0,0.0,204950000.0,2967061150000,29670.61,3035444767000,30354.45
2026-03-04,14492,14579,14448,14487,3472930,0.06907508461697866,14781.22,-0.62,700000.0,0.0,205750000.0,2980700250000,29807.0,3041236015000,30412.36
2026-03-05,14487,14487,14323,14418,2761900,-0.4762890867674467,14677.87,-0.39,500000.0,100000.0,206450000.0,2976596100000,29765.96,3030246261500,30302.46
2026-03-06,14368,14477,14363,14418,2364898,0.0,14626.94,-0.05,50000.0,50000.0,206850000.0,2982363300000,29823.63,3025582539000,30255.83
2026-03-09,14363,14363,14244,14338,2501303,-0.5548619780829519,14754.03,-1.45,100000.0,700000.0,206850000.0,2965815300000,29658.15,3051871105500,30518.71
2026-03-10,14343,14343,14259,14264,2247097,-0.5161110336169619,14447.34,0.12,550000.0,300000.0,206250000.0,2941950000000,29419.5,2979763875000,29797.64
2026-03-11,14303,14303,14165,14190,2473148,-0.5187885586090858,14360.09,0.21,550000.0,50000.0,206500000.0,2930235000000,29302.35,2965358585000,29653.59
2026-03-12,14224,14284,14205,14224,1781019,0.23960535588442564,14562.06,-0.94,1350000.0,100000.0,207000000.0,2944368000000,29443.68,3014346420000,30143.46
2026-03-13,14328,14408,14298,14398,1464140,1.2232845894263216,14585.93,0.1,1650000.0,300000.0,208250000.0,2998383500000,29983.84,3037519922500,30375.2
2026-03-16,14428,14482,14408,14477,1475676,0.5486873176830115,14614.8,0.45,300000.0,0.0,209600000.0,3034379200000,30343.79,3063262080000,30632.62
2026-03-17,14492,14492,14343,14368,2474010,-0.7529184223250673,14610.6,-0.28,300000.0,0.0,209900000.0,3015843200000,30158.43,3066764940000,30667.65
2026-03-18,14393,14438,14378,14388,2026332,0.13919821826280623,14542.96,0.32,700000.0,50000.0,210200000.0,3024357600000,30243.58,3056930192000,30569.3
2026-03-19,14388,14388,14289,14343,1492584,-0.3127606338615513,14545.21,-0.0,900000.0,100000.0,210850000.0,3024221550000,30242.22,3066857528500,30668.58
2026-03-20,14343,14363,14259,14358,1532381,0.10458063166701526,14548.99,0.08,1100000.0,50000.0,211650000.0,3038870700000,30388.71,3079293733500,30792.94
2026-03-23,14358,14373,14249,14308,2907459,-0.34823791614430977,14571.51,-0.42,600000.0,0.0,212700000.0,3043311600000,30433.12,3099360177000,30993.6
2026-03-24,14259,14298,14185,14298,1866675,-0.06989097008666481,14438.47,0.43,700000.0,0.0,213300000.0,3049763400000,30497.63,3079725651000,30797.26
2026-03-25,14353,14413,14313,14383,1752412,0.5944887396838718,14525.23,0.41,800000.0,0.0,214000000.0,3077962000000,30779.62,3108399220000,31083.99
2026-03-26,14418,14473,14388,14398,1631808,0.10428978655357019,14668.98,-0.47,700000.0,0.0,214800000.0,3092690400000,30926.9,3150896904000,31508.97
2026-03-27,14516,14584,14502,14575,1584573,1.2293374079733295,14691.07,0.61,950000.0,300000.0,215500000.0,3140912500000,31409.12,3165925585000,31659.26
2026-03-30,14453,14531,14378,14531,1775967,-0.3018867924528302,14676.97,0.16,0.0,0.0,216150000.0,3140875650000,31408.76,3172427065500,31724.27
2026-03-31,14541,14808,14541,14739,1999968,1.43142247608561,14838.62,0.48,0.0,0.0,216150000.0,3185834850000,31858.35,3207367713000,32073.68
2026-04-01,14650,14650,14482,14566,2307206,-1.1737566999117985,14643.17,0.63,300000.0,0.0,216150000.0,3148440900000,31484.41,3165121195500,31651.21
2026-04-02,14541,14548,14463,14463,2412628,-0.7071261842647261,14739.08,-0.74,500000.0,0.0,216450000.0,3130516350000,31305.16,3190273866000,31902.74
2026-04-03,14482,14526,14443,14453,1325479,-0.06914194842010647,14623.77,-0.03,400000.0,300000.0,216950000.0,3135578350000,31355.78,3172626901500,31726.27
2026-04-06,14497,14502,14448,14473,1417599,0.13837957517470423,14634.44,0.04,1700000.0,50000.0,217050000.0,3141364650000,31413.65,3176405202000,31764.05
2026-04-07,14531,14595,14448,14458,1916966,-0.1036412630415256,14652.06,-0.18,0.0,0.0,218700000.0,3161964600000,31619.65,3204405522000,32044.06
2026-04-08,14482,14531,14308,14333,4361394,-0.8645732466454559,14287.74,1.49,1000000.0,0.0,218700000.0,3134627100000,31346.27,3124728738000,31247.29
2026-04-09,14343,14393,14333,14378,1477347,0.31396078978580894,14543.14,0.01,900000.0,0.0,219700000.0,3158846600000,31588.47,3195127858000,31951.28
2026-04-10,14378,14413,14338,14398,1550520,0.13910140492418974,14572.32,-0.05,2150000.0,0.0,220600000.0,3176198800000,31761.99,3214653792000,32146.54
2026-04-13,14289,14328,14264,14313,2976653,-0.590359772190582,14470.91,0.06,200000.0,150000.0,222750000.0,3188220750000,31882.21,3223395202500,32233.95
2026-04-14,14333,14368,14298,14328,2348106,0.10479983232026828,14479.44,0.11,550000.0,250000.0,222800000.0,3192278400000,31922.78,3226019232000,32260.19
2026-04-15,14244,14264,14210,14239,3688960,-0.6211613623673925,14383.21,0.15,1650000.0,0.0,223100000.0,3176720900000,31767.21,3208894151000,32088.94
2026-04-16,14239,14244,14156,14220,3569871,-0.13343633682140602,14366.55,0.13,400000.0,0.0,224750000.0,3195945000000,31959.45,3228882112500,32288.82
2026-04-17,14308,14383,14308,14358,2184164,0.9704641350210972,14533.74,-0.06,2100000.0,0.0,225150000.0,3232703700000,32327.04,3272271561000,32722.72
2026-04-20,14363,14363,14298,14363,2320050,0.03482379161443098,14578.75,-0.33,1700000.0,0.0,227250000.0,3263991750000,32639.92,3313020937500,33130.21
2026-04-21,14363,14378,14323,14343,2361427,-0.13924667548562278,14479.13,0.21,550000.0,0.0,228950000.0,3283829850000,32838.3,3314996813500,33149.97
2026-04-22,14428,14443,14388,14433,1739910,0.6274837900020916,14532.95,0.46,600000.0,0.0,229500000.0,3312373500000,33123.74,3335312025000,33353.12
2026-04-23,14423,14468,14388,14463,2282999,0.20785699438786118,14592.67,0.26,500000.0,0.0,230100000.0,3327936300000,33279.36,3357773367000,33577.73
2026-04-24,14566,14610,14566,14605,1992786,0.981815667565512,14821.89,-0.32,150000.0,150000.0,230600000.0,3367913000000,33679.13,3417927834000,34179.28
2026-04-27,14551,14551,14453,14487,3152003,-0.8079424854501882,14600.8,0.37,500000.0,0.0,230600000.0,3340702200000,33407.02,3366944480000,33669.44
2026-04-28,14487,14497,14448,14473,2229687,-0.09663836543107614,14539.45,0.69,700000.0,700000.0,231100000.0,3344710300000,33447.1,3360066895000,33600.67
2026-04-29,14537,14586,14503,14581,1479089,0.7462170938989843,14687.88,0.22,0.0,50000.0,231100000.0,3369669100000,33696.69,3394369068000,33943.69
2026-04-30,14695,14705,14631,14641,1813466,0.41149441053425695,14786.78,-0.05,0.0,100000.0,231050000.0,3382803050000,33828.03,3416485519000,34164.86
2026-05-04,14670,14740,14670,14705,2802431,0.43712861143364523,14777.08,0.46,1150000.0,0.0,230950000.0,3396119750000,33961.2,3412766626000,34127.67
2026-05-06,14705,14705,14512,14547,4078032,-1.0744644678680721,14620.21,0.44,400000.0,0.0,232100000.0,3376358700000,33763.59,3393350741000,33933.51
2026-05-07,14537,14542,14393,14483,3142749,-0.4399532549666598,14600.44,0.13,900000.0,0.0,232500000.0,3367297500000,33672.98,3394602300000,33946.02
2026-05-08,14483,14557,14453,14557,2772352,0.5109438652212939,14718.23,-0.16,2300000.0,0.0,233400000.0,3397603800000,33976.04,3435234882000,34352.35
2026-05-11,14557,14636,14488,14606,3596703,0.3366078175448238,14769.24,-0.16,500000.0,0.0,235700000.0,3442634200000,34426.34,3481109868000,34811.1
2026-05-12,14651,14785,14651,14765,3699727,1.088593728604683,14993.53,-0.59,0.0,100000.0,236200000.0,3487493000000,34874.93,3541471786000,35414.72
2026-05-13,14809,14918,14809,14844,2414971,0.5350491026075177,15004.71,-0.13,100000.0,100000.0,236100000.0,3504668400000,35046.68,3542612031000,35426.12
2026-05-14,14849,14898,14829,14873,1992968,0.1953651306925357,15004.14,0.07,0.0,250000.0,236100000.0,3511515300000,35115.15,3542477454000,35424.77
2026-05-15,14888,15042,14888,14983,2807018,0.7395952396960936,15129.11,-0.03,150000.0,600000.0,235850000.0,3533740550000,35337.41,3568200593500,35682.01
2026-05-18,14978,14983,14858,14888,2529327,-0.6340519255155843,15084.83,-0.36,200000.0,800000.0,235400000.0,3504635200000,35046.35,3550968982000,35509.69
2026-05-19,14988,15181,14988,15171,2661023,1.900859752821064,15315.11,-0.0,950000.0,0.0,234800000.0,3562150800000,35621.51,3595987828000,35959.88
2026-05-20,15186,15255,15176,15240,2614382,0.45481510777140594,15326.73,0.38,450000.0,0.0,235750000.0,3592830000000,35928.3,3613276597500,36132.77
2026-05-21,15136,15196,15097,15186,2762736,-0.3543307086614173,15329.2,0.01,1000000.0,50000.0,236200000.0,3586933200000,35869.33,3620757040000,36207.57
2026-05-22,15225,15424,15225,15424,2077458,1.5672329777426577,15505.07,0.42,1100000.0,0.0,237150000.0,3657801600000,36578.02,3677027350500,36770.27
2026-05-26,15706,15731,15596,15626,3225601,1.3096473029045643,15649.11,0.8,1000000.0,0.0,238250000.0,3722894500000,37228.94,3728400457500,37284.0
2026-05-27,15538,15571,15454,15454,2971572,-1.1007295533085883,15499.64,0.65,2050000.0,0.0,239250000.0,3697369500000,36973.7,3708288870000,37082.89
2026-05-28,15449,15469,15409,15424,2390168,-0.19412449851171218,15464.86,0.45,0.0,0.0,241300000.0,3721811200000,37218.11,3731670718000,37316.71
2026-05-29,15389,15439,15329,15429,2379187,0.032417012448132776,15551.75,-0.08,0.0,0.0,241300000.0,3723017700000,37230.18,3752637275000,37526.37
2026-06-01,15429,15494,15324,15339,3386636,-0.5833171300797201,15453.48,-0.02,2650000.0,0.0,241300000.0,3701300700000,37013.01,3728924724000,37289.25
2026-06-02,15305,15329,15220,15295,3389914,-0.2868505117673903,15428.02,-0.15,550000.0,0.0,243950000.0,3731215250000,37312.15,3763665479000,37636.65
2026-06-04,15459,15548,15449,15539,2445241,1.5952925792742725,15642.12,0.05,850000.0,150000.0,244500000.0,3799285500000,37992.86,3824498340000,38244.98
2026-06-05,15647,15861,15647,15767,2746204,1.4672758864791813,15859.36,0.13,800000.0,0.0,245200000.0,3866068400000,38660.68,3888715072000,38887.15
2026-06-08,15762,15762,15539,15557,3251729,-1.3318957315912983,15672.91,-0.02,500000.0,0.0,246000000.0,3827022000000,38270.22,3855535860000,38555.36
2026-06-09,15557,15557,15349,15399,2885769,-1.0156199781448865,15434.3,0.49,400000.0,0.0,246500000.0,3795853500000,37958.54,3804554950000,38045.55
2026-06-10,15459,15526,15399,15474,2841589,0.487044613286577,15607.29,-0.14,1200000.0,50000.0,246900000.0,3820530600000,38205.31,3853439901000,38534.4
2026-06-11,15469,15514,15394,15504,1736434,0.19387359441644048,15591.53,0.15,900000.0,0.0,248050000.0,3845767200000,38457.67,3867479016500,38674.79
2026-06-12,15519,15577,15484,15557,1999643,0.3418472652218782,15630.99,0.25,500000.0,400000.0,248950000.0,3872915150000,38729.15,3891334960500,38913.35
2026-06-15,15617,15672,15567,15662,2341261,0.6749373272481841,15680.95,0.6,600000.0,0.0,249050000.0,3900621100000,39006.21,3905340597500,39053.41
2026-06-16,15567,15592,15496,15529,2988821,-0.8491891201634529,15582.8,0.37,600000.0,200000.0,249650000.0,3876814850000,38768.15,3890246020000,38902.46
2026-06-17,15509,15514,15439,15459,1804349,-0.45076952797990855,15555.82,0.09,600000.0,0.0,250050000.0,3865522950000,38655.23,3889732791000,38897.33
2026-06-18,15374,15394,15329,15394,2569002,-0.4204670418526425,15409.45,0.62,950000.0,0.0,250650000.0,3858506100000,38585.06,3862378642500,38623.79
2026-06-19,15399,15404,15290,15295,2442629,-0.6431077043003768,15376.65,0.18,550000.0,0.0,251600000.0,3848222000000,38482.22,3868765140000,38687.65
2026-06-22,15295,15419,15295,15394,1967987,0.6472703497875123,15476.86,0.18,1300000.0,0.0,252150000.0,3881597100000,38815.97,3902490249000,39024.9
2026-06-23,15394,15429,15305,15374,2301630,-0.12992074834351047,15514.99,-0.19,0.0,0.0,253450000.0,3896540300000,38965.4,3932274215500,39322.74
2026-06-24,15389,15474,15389,15444,1918174,0.4553141667750748,15609.24,-0.35,1000000.0,50000.0,253450000.0,3914281800000,39142.82,3956161878000,39561.62
2026-06-25,15449,15577,15449,15519,2152378,0.4856254856254856,15583.29,0.3,400000.0,0.0,254400000.0,3948033600000,39480.34,3964388976000,39643.89
2026-06-26,15592,15717,15499,15544,2360232,0.16109285392100006,15552.95,0.66,1250000.0,0.0,254800000.0,3960611200000,39606.11,3962891660000,39628.92
2026-06-29,15618,15728,15608,15683,1738060,0.8942357179619146,15757.64,-0.05,0.0,0.0,256050000.0,4015632150000,40156.32,4034743722000,40347.44
2026-06-30,15633,15683,15613,15668,2262919,-0.09564496588662882,15714.32,0.13,0.0,0.0,256050000.0,4011791400000,40117.91,4023651636000,40236.52
2026-07-01,15593,15663,15534,15603,2276669,-0.4148583099310697,15661.91,0.05,800000.0,0.0,256050000.0,3995148150000,39951.48,4010232055500,40102.32
2026-07-02,15603,15663,15588,15658,2868472,0.35249631481125426,15742.31,-0.11,400000.0,0.0,256850000.0,4021757300000,40217.57,4043412323500,40434.12
2026-07-03,15793,15897,15668,15668,2269268,0.06386511687316387,15696.82,0.24,2150000.0,0.0,257250000.0,4030593000000,40305.93,4038006945000,40380.07
2026-07-06,15688,15803,15643,15673,2180609,0.03191217768700536,15745.02,-0.03,600000.0,0.0,259400000.0,4065576200000,40655.76,4084258188000,40842.58
2026-07-07,15653,15663,15544,15643,1944793,-0.19141198239009763,15644.24,0.42,0.0,0.0,260000000.0,4067180000000,40671.8,4067502400000,40675.02
2026-07-08,15648,15693,15464,15464,2414490,-1.1442817873809372,15486.2,0.28,1200000.0,500000.0,260000000.0,4020640000000,40206.4,4026412000000,40264.12
2026-07-09,15429,15454,15315,15414,2429090,-0.3233316088980859,15464.4,0.1,700000.0,0.0,260700000.0,4018429800000,40184.3,4031569080000,40315.69
2026-07-10,15414,15449,15339,15359,2438810,-0.3568184767094849,15378.86,0.3,1450000.0,50000.0,261400000.0,4014842600000,40148.43,4020034004000,40200.34
2026-07-13,15384,15454,15349,15429,2696988,0.4557588384660459,15462.4,0.21,700000.0,0.0,262800000.0,4054741200000,40547.41,4063518720000,40635.19
2026-07-14,15434,15474,15295,15374,2396304,-0.3564715794931622,15429.74,0.07,800000.0,100000.0,263500000.0,4051049000000,40510.49,4065736490000,40657.36
2026-07-15,15215,15225,15135,15145,3059720,-1.4895277741641733,15173.97,0.24,1450000.0,450000.0,264200000.0,4001309000000,40013.09,4008962874000,40089.63
2026-07-16,15160,15225,15155,15155,1822608,0.06602839220864973,15198.83,0.14,1050000.0,0.0,265200000.0,4019106000000,40191.06,4030729716000,40307.3
2026-07-20,15414,15529,15374,15374,2748545,1.4450676344440778,15449.29,-0.06,1600000.0,400000.0,266250000.0,4093327500000,40933.28,4113373462500,41133.73
2026-07-21,15319,15339,15260,15295,1810285,-0.5138545596461559,15319.31,0.27,500000.0,50000.0,267450000.0,4090647750000,40906.48,4097149459500,40971.49
2026-07-22,15354,15399,15344,15374,1554919,0.5165086629617522,15421.12,0.12,650000.0,50000.0,267900000.0,4118694600000,41186.95,4131318048000,41313.18
2026-07-23,15369,15394,15250,15265,1684192,-0.7089892025497593,15318.64,0.07,500000.0,300000.0,268500000.0,4098652500000,40986.52,4113054840000,41130.55
2026-07-24,15275,15319,15190,15235,2148739,-0.1965280052407468,15272.22,0.18,150000.0,200000.0,268700000.0,4093644500000,40936.44,4103645514000,41036.46
2026-07-27,15354,15479,15339,15444,2328139,1.371841155234657,15518.27,-0.05,1850000.0,200000.0,268650000.0,4149030600000,41490.31,4168983235500,41689.83
2026-07-28,15474,15544,15444,15494,2432856,0.32375032375032375,15516.48,0.28,600000.0,150000.0,270300000.0,4188028200000,41880.28,4194104544000,41941.05
2026-07-29,15578,15668,15494,15554,3384960,0.38724667613269653,15523.43,0.62,1100000.0,0.0,270750000.0,4211245500000,42112.46,4202968672500,42029.69
2026-07-30,15469,15469,15329,15364,2215693,-1.2215507265012215,15393.43,0.01,0.0,50000.0,271850000.0,4176703400000,41767.03,4184703945500,41847.04
2026-07-31,15115,15270,14995,15135,2886253,-1.4904972663368914,15058.87,0.7,0.0,0.0,271800000.0,4113693000000,41136.93,4093000866000,40930.01
2026-08-03,15185,15270,15105,15140,2184185,0.033036009250082585,15147.89,0.15,800000.0,0.0,271800000.0,4115052000000,41150.52,4117196502000,41171.97
2026-08-04,15225,15265,15125,15220,2389515,0.5284015852047557,15223.85,0.17,900000.0,0.0,272600000.0,4148972000000,41489.72,4150021510000,41500.22
2026-08-05,15285,15329,15240,15290,2467211,0.45992115637319314,15269.44,0.33,1150000.0,0.0,273500000.0,4181815000000,41818.15,4176191840000,41761.92
2026-08-06,15190,15215,15110,15185,1764875,-0.6867233485938522,15165.74,0.32,850000.0,100000.0,274650000.0,4170560250000,41705.6,4165270491000,41652.7
2026-08-07,15205,15205,15090,15120,1883503,-0.4280540006585446,15104.82,0.3,950000.0,0.0,275400000.0,4164048000000,41640.48,4159867428000,41598.67
2026-08-10,15125,15180,15095,15170,2181409,0.3306878306878307,15224.53,-0.16,750000.0,50000.0,276350000.0,4192229500000,41922.3,4207298865500,42072.99
2026-08-11,15280,15315,15245,15280,1885014,0.7251153592617008,15324.6,-0.1,1250000.0,50000.0,277050000.0,4233324000000,42333.24,4245680430000,42456.8
2026-08-12,15285,15324,15275,15315,1890446,0.22905759162303663,15361.91,-0.11,600000.0,50000.0,278250000.0,4261398750000,42613.99,4274451457500,42744.51
2026-08-13,15319,15334,15260,15334,1573575,0.12406137773424747,15397.45,-0.21,650000.0,200000.0,278800000.0,4275119200000,42751.19,4292809060000,42928.09
2026-08-14,15399,15459,15379,15424,1798712,0.5869310029998696,15462.11,-0.05,700000.0,500000.0,279250000.0,4307152000000,43071.52,4317794217500,43177.94
2026-08-18,15379,15379,15280,15315,2390179,-0.7066908713692946,15321.39,0.15,150000.0,200000.0,279450000.0,4279776750000,42797.77,4281562435500,42815.62
2026-08-19,15399,15419,15240,15275,1834833,-0.2611818478615736,15267.79,0.24,750000.0,0.0,279400000.0,4267835000000,42678.35,4265820526000,42658.21
2026-08-20,15419,15449,15344,15434,2723888,1.0409165302782324,15466.43,-0.01,1600000.0,500000.0,280150000.0,4323835100000,43238.35,4332920364500,43329.2
2026-08-21,15334,15334,15215,15260,2490109,-1.1273811066476611,15287.47,0.02,750000.0,0.0,281250000.0,4291875000000,42918.75,4299600937500,42996.01
2026-08-24,15339,15379,15295,15324,2267262,0.41939711664482304,15365.83,-0.07,800000.0,0.0,282000000.0,4321368000000,43213.68,4333164060000,43331.64
2026-08-25,15334,15414,15329,15399,1731510,0.48942834768989824,15449.48,-0.13,800000.0,50000.0,282800000.0,4354837200000,43548.37,4369112944000,43691.13
2026-08-26,15379,15394,15324,15374,1845124,-0.16234820442885903,15386.67,0.12,800000.0,450000.0,283550000.0,4359297700000,43592.98,4362890278500,43628.9
2026-08-27,15334,15364,15285,15315,1481671,-0.38376479771042016,15286.98,0.38,1000000.0,200000.0,283900000.0,4347928500000,43479.28,4339973622000,43399.74
2026-08-28,15280,15280,15135,15140,2293131,-1.1426705843943845,15104.08,0.24,0.0,0.0,284700000.0,4310358000000,43103.58,4300131576000,43001.32
2026-08-31,15160,15220,15090,15095,1872301,-0.297225891677675,15086.36,0.06,0.0,0.0,284700000.0,4297546500000,42975.46,4295086692000,42950.87
2026-09-01,15095,15180,15092,15100,1678402,0.033123550844650546,15104.94,-0.03,1200000.0,0.0,284700000.0,4298970000000,42989.7,4300376418000,43003.76
2026-09-02,15100,15105,15045,15055,1537502,-0.2980132450331126,15053.51,0.01,1100000.0,0.0,285900000.0,4304224500000,43042.24,4303798509000,43037.99
2026-09-03,15060,15095,15000,15040,2096425,-0.09963467286615742,15032.86,0.05,300000.0,0.0,287000000.0,4316480000000,43164.8,4314430820000,43144.31
2026-09-04,15045,15070,14945,14965,1684111,-0.49867021276595747,14962.37,0.02,700000.0,0.0,287300000.0,4299444500000,42994.44,4298688901000,42986.89
2026-09-07,14850,14850,14650,14680,3209826,-1.9044437019712663,14736.11,-0.38,500000.0,0.0,288000000.0,4227840000000,42278.4,4243999680000,42440.0
2026-09-08,14700,14715,14610,14655,2471615,-0.17029972752043596,14792.24,-0.93,1350000.0,50000.0,288500000.0,4227967500000,42279.68,4267561240000,42675.61
2026-09-09,14595,14595,14485,14490,2316179,-1.1258955987717503,14514.22,-0.17,0.0,0.0,289800000.0,4199202000000,41992.02,4206220956000,42062.21
2026-09-10,14450,14465,14405,14445,1555837,-0.3105590062111801,14417.12,0.19,950000.0,0.0,289800000.0,4186161000000,41861.61,4178081376000,41780.81
2026-09-11,14460,14520,14450,14500,1513642,0.380754586362063,14443.58,0.39,0.0,0.0,290750000.0,4215875000000,42158.75,4199470885000,41994.71
